{
  "alpha_p": 0.0010321537454923077,
  "beta_p": 2.5461392930298235e-05,
  "alpha_d": 0.009506412684917448,
  "beta_d": 3.066651679335102e-05,
  "model": "Qwen/Qwen3-8B",
  "device_name": "NVIDIA H200",
  "dtype": "float16",
  "timestamp": "2026-01-16T18:15:00.768239",
  "prefill_r2": 0.9973382871311247,
  "decode_r2": 0.8778452639325522,
  "prefill_sizes": [
    256,
    512,
    1024,
    2048,
    4096
  ],
  "decode_counts": [
    16,
    32,
    64,
    128,
    256
  ],
  "num_iterations": 20
}